<?xml version="1.0" encoding="UTF-8" ?>
<!DOCTYPE mapper
  PUBLIC "-//mybatis.org//DTD Mapper 3.0//EN"
  "http://mybatis.org/dtd/mybatis-3-mapper.dtd">

<mapper namespace="com.todomanage.mapper.TodoMapper">

    <insert id="insertTodo" parameterType="com.todomanage.dto.TodoDto">
        INSERT INTO todos (title, description, completed, user_no)
        VALUES (#{title}, #{description}, #{completed}, #{userNo});
    </insert>

    <select id="getLastInsertId" resultType="int">
        SELECT last_insert_rowid();
    </select>

    <select id="selectTodoById" resultType="com.todomanage.dto.TodoDto">
        SELECT * FROM todos WHERE todo_no = #{id};
    </select>

    <select id="selectTodosByUserNo" resultType="com.todomanage.dto.TodoDto">
        SELECT * FROM todos WHERE user_no = #{userNo};
    </select>

    <select id="searchTodosByUserNoAndQuery" resultType="com.todomanage.dto.TodoDto">
        SELECT * FROM todos
        WHERE user_no = #{userNo}
        AND (title LIKE '%' || #{query} || '%' OR description LIKE '%' || #{query} || '%');
    </select>

    <update id="updateTodo" parameterType="com.todomanage.dto.TodoDto">
        UPDATE todos
        SET title = #{title}, description = #{description}, completed = #{completed}
        WHERE todo_no = #{todoNo};
    </update>

    <delete id="deleteTodo" parameterType="int">
        DELETE FROM todos WHERE todo_no = #{id};
    </delete>

</mapper>
