<?xml version="1.0" encoding="UTF-8" ?>
<!DOCTYPE mapper
  PUBLIC "-//mybatis.org//DTD Mapper 3.0//EN"
  "http://mybatis.org/dtd/mybatis-3-mapper.dtd">

<mapper namespace="com.todomanage.mapper.UserMapper">

    <insert id="insertUser" parameterType="com.todomanage.dto.UserDto">
        INSERT INTO users (user_id, user_name, password, email)
        VALUES (#{userId}, #{userName}, #{password}, #{email});
    </insert>

    <select id="getLastInsertId" resultType="int">
        SELECT last_insert_rowid();
    </select>

    <select id="selectUserById" resultType="com.todomanage.dto.UserDto">
        SELECT * FROM users WHERE user_id = #{userId};
    </select>

    <select id="selectUserByUserNo" resultType="com.todomanage.dto.UserDto">
        SELECT * FROM users WHERE user_no = #{userNo};
    </select>

    <update id="updateUser" parameterType="com.todomanage.dto.UserDto">
        UPDATE users SET password = #{password}, email = #{email} WHERE user_no = #{userNo};
    </update>

    <delete id="deleteUser" parameterType="int">
        DELETE FROM users WHERE user_no = #{userNo};
    </delete>

</mapper>
